size_k_sqft,price_100k,split
1.00,1.95,train
1.18,1.93,train
1.36,2.35,train
1.55,2.39,train
1.73,2.86,train
1.91,2.93,train
2.09,3.29,train
2.27,3.32,train
2.45,3.81,train
2.64,3.87,train
2.82,4.26,train
3.00,4.30,train
1.05,1.90,validation
1.17,2.04,validation
1.29,2.20,validation
1.41,2.36,validation
1.53,2.48,validation
1.65,2.68,validation
1.77,2.79,validation
1.89,2.97,validation
2.01,3.11,validation
2.13,3.29,validation
2.25,3.40,validation
2.37,3.60,validation
2.49,3.72,validation
2.61,3.91,validation
2.73,4.03,validation
2.85,4.22,validation
